iso_code,sample_size,mean_response_ratio,median_response_ratio,standard_dev
CAN,227,71.22982986986875,51.119745222929936,64.4763272822398
USA,245,17.822632684266615,16.6130767770112,8.480731640224555
