iso_code,sample_size,mean_response_ratio,median_response_ratio,standard_dev
CAN,230,71.42053062143367,54.29886278065905,67.27402678060429
USA,245,16.92462183279642,16.897368007718715,6.9940818827661815
