iso_code,sample_size,mean_response_ratio,median_response_ratio,standard_dev
CAN,230,71.42053062143367,54.29886278065905,67.27402678060429
USA,245,16.923485421741546,16.896762178293358,6.9928215709923744
